{
  "params": {
    "podzial": 6,
    "overlap": 0.4,
    "fk_mode": "integral",
    "canny_th1": 300,
    "canny_th2": 400,
    "edgeThreshold": 300
  },
  "num_images": 1,
  "coco_full": {
    "AP_50_95": 0.06974697469746975,
    "AP_50": 0.11771177117711772,
    "AR": 0.11904761904761904,
    "AP_small": 0.11584158415841585,
    "AR_small": 0.1125
  },
  "coco_fk": {
    "AP_50_95": 0.06974697469746975,
    "AP_50": 0.11771177117711772,
    "AR": 0.11904761904761904,
    "AP_small": 0.11584158415841585,
    "AR_small": 0.1125
  },
  "AR@500_full": 0.11904761904761904,
  "AR@500_fk": 0.11904761904761904,
  "AR@0.5@500_full": 0.19047619047619047,
  "AR@0.5@500_fk": 0.19047619047619047,
  "time_full": {
    "mean": 7.079300165176392,
    "p50": 7.079300165176392,
    "p95": 7.079300165176392
  },
  "time_fk": {
    "mean": 3.6736550331115723,
    "p50": 3.6736550331115723,
    "p95": 3.6736550331115723
  },
  "tiles_full": {
    "mean": null,
    "p50": null,
    "p95": null
  },
  "tiles_fk_kept": {
    "mean": 65.0,
    "p50": 65.0,
    "p95": 65.0
  },
  "tiles_fk_total": {
    "mean": 100.0,
    "p50": 100.0,
    "p95": 100.0
  },
  "tiles_fk_pct_rejected": 0.35,
  "tile_metrics_fk": {
    "empty_tiles_removed": 0.39705882352941174,
    "tiles_with_objects_wrongly_removed": 0.25,
    "filter_purity": 0.7714285714285715,
    "objects_lost_due_to_filter": 0.0
  }
}