{
  "params": {
    "podzial": 6,
    "overlap": 0.4,
    "fk_mode": "integral",
    "canny_th1": 300,
    "canny_th2": 400,
    "edgeThreshold": 50
  },
  "num_images": 2,
  "coco_full": {
    "AP_50_95": 0.13725247787383782,
    "AP_50": 0.285993599359936,
    "AR": 0.21071428571428572,
    "AP_small": 0.2489679510171954,
    "AR_small": 0.3
  },
  "coco_fk": {
    "AP_50_95": 0.13690548926571058,
    "AP_50": 0.27345361949322344,
    "AR": 0.2089285714285714,
    "AP_small": 0.2485109735292688,
    "AR_small": 0.2966666666666667
  },
  "AR@500_full": 0.21071428571428572,
  "AR@500_fk": 0.2089285714285714,
  "AR@0.5@500_full": 0.375,
  "AR@0.5@500_fk": 0.35714285714285715,
  "time_full": {
    "mean": 6.274364709854126,
    "p50": 6.274364709854126,
    "p95": 7.024435019493103
  },
  "time_fk": {
    "mean": 3.886231780052185,
    "p50": 3.886231780052185,
    "p95": 4.503630268573761
  },
  "tiles_full": {
    "mean": null,
    "p50": null,
    "p95": null
  },
  "tiles_fk_kept": {
    "mean": 64.5,
    "p50": 64.5,
    "p95": 73.05
  },
  "tiles_fk_total": {
    "mean": 100.0,
    "p50": 100.0,
    "p95": 100.0
  },
  "tiles_fk_pct_rejected": 0.355,
  "tile_metrics_fk": {
    "empty_tiles_removed": 0.3925233644859813,
    "tiles_with_objects_wrongly_removed": 0.3118279569892473,
    "filter_purity": 0.5915492957746479,
    "objects_lost_due_to_filter": 0.03571428571428571
  }
}