{
  "params": {
    "podzial": 6,
    "overlap": 0.4,
    "fk_mode": "integral",
    "canny_th1": 300,
    "canny_th2": 400,
    "edgeThreshold": 50
  },
  "num_images": 100,
  "coco_full": {
    "AP_50_95": 0.15449478737746467,
    "AP_50": 0.3040927091223344,
    "AR": 0.24404113732607385,
    "AP_small": 0.20916109567623606,
    "AR_small": 0.27369601794727993
  },
  "coco_fk": {
    "AP_50_95": 0.15352793007720053,
    "AP_50": 0.3039646877296038,
    "AR": 0.24352692075015123,
    "AP_small": 0.20936181565791773,
    "AR_small": 0.2736399326977005
  },
  "AR@500_full": 0.24404113732607385,
  "AR@500_fk": 0.24352692075015123,
  "AR@0.5@500_full": 0.4240774349667272,
  "AR@0.5@500_fk": 0.42286751361161523,
  "time_full": {
    "mean": 6.05847217798233,
    "p50": 6.172232151031494,
    "p95": 7.154909837245941
  },
  "time_fk": {
    "mean": 4.985972321033477,
    "p50": 4.908213138580322,
    "p95": 6.531331241130829
  },
  "tiles_full": {
    "mean": null,
    "p50": null,
    "p95": null
  },
  "tiles_fk_kept": {
    "mean": 80.32,
    "p50": 81.0,
    "p95": 98.05
  },
  "tiles_fk_total": {
    "mean": 100.0,
    "p50": 100.0,
    "p95": 100.0
  },
  "tiles_fk_pct_rejected": 0.1968,
  "tile_metrics_fk": {
    "empty_tiles_removed": 0.30094567031336916,
    "tiles_with_objects_wrongly_removed": 0.07488604297807684,
    "filter_purity": 0.8246951219512195,
    "objects_lost_due_to_filter": 0.003629764065335753
  }
}