{
  "params": {
    "podzial": 6,
    "overlap": 0.4,
    "fk_mode": "integral",
    "canny_th1": 300,
    "canny_th2": 400,
    "edgeThreshold": 100
  },
  "num_images": 1000,
  "coco_full": {
    "AP_50_95": 0.15778476631257052,
    "AP_50": 0.29899631426566753,
    "AR": 0.25379288526434196,
    "AP_small": 0.22185376790854738,
    "AR_small": 0.28447822461676603
  },
  "coco_fk": {
    "AP_50_95": 0.15726362223888946,
    "AP_50": 0.29894872060436223,
    "AR": 0.2530089988751406,
    "AP_small": 0.22039663334722748,
    "AR_small": 0.28388172663716243
  },
  "AR@500_full": 0.25379288526434196,
  "AR@500_fk": 0.2530089988751406,
  "AR@0.5@500_full": 0.4359884701912261,
  "AR@0.5@500_fk": 0.43465269966254216,
  "time_full": {
    "mean": 5.931605068683624,
    "p50": 6.063197016716003,
    "p95": 6.9385815978050225
  },
  "time_fk": {
    "mean": 4.5181805233955386,
    "p50": 4.482908010482788,
    "p95": 6.146589434146881
  },
  "tiles_full": {
    "mean": null,
    "p50": null,
    "p95": null
  },
  "tiles_fk_kept": {
    "mean": 75.121,
    "p50": 77.0,
    "p95": 98.0
  },
  "tiles_fk_total": {
    "mean": 100.0,
    "p50": 100.0,
    "p95": 100.0
  },
  "tiles_fk_pct_rejected": 0.24879,
  "tile_metrics_fk": {
    "empty_tiles_removed": 0.3578801875568619,
    "tiles_with_objects_wrongly_removed": 0.10325833255531697,
    "filter_purity": 0.8221793480445355,
    "objects_lost_due_to_filter": 0.0037612485939257593
  }
}