{
  "params": {
    "podzial": 6,
    "overlap": 0.4,
    "fk_mode": "integral",
    "canny_th1": 300,
    "canny_th2": 400,
    "edgeThreshold": 300
  },
  "num_images": 1000,
  "coco_full": {
    "AP_50_95": 0.15778476631257052,
    "AP_50": 0.29899631426566753,
    "AR": 0.25379288526434196,
    "AP_small": 0.22185376790854738,
    "AR_small": 0.28447822461676603
  },
  "coco_fk": {
    "AP_50_95": 0.15710567810455292,
    "AP_50": 0.29871265342536263,
    "AR": 0.25203880764904385,
    "AP_small": 0.22035682710736834,
    "AR_small": 0.28291321916490275
  },
  "AR@500_full": 0.25379288526434196,
  "AR@500_fk": 0.25203880764904385,
  "AR@0.5@500_full": 0.4359884701912261,
  "AR@0.5@500_fk": 0.4326490438695163,
  "time_full": {
    "mean": 5.931605068683624,
    "p50": 6.063197016716003,
    "p95": 6.9385815978050225
  },
  "time_fk": {
    "mean": 4.153215948343277,
    "p50": 4.140105128288269,
    "p95": 5.770217978954313
  },
  "tiles_full": {
    "mean": null,
    "p50": null,
    "p95": null
  },
  "tiles_fk_kept": {
    "mean": 68.271,
    "p50": 70.0,
    "p95": 94.04999999999995
  },
  "tiles_fk_total": {
    "mean": 100.0,
    "p50": 100.0,
    "p95": 100.0
  },
  "tiles_fk_pct_rejected": 0.31729,
  "tile_metrics_fk": {
    "empty_tiles_removed": 0.4320981174329904,
    "tiles_with_objects_wrongly_removed": 0.1641303333022127,
    "filter_purity": 0.77837309716663,
    "objects_lost_due_to_filter": 0.008260686164229472
  }
}