{
  "params": {
    "podzial": 6,
    "overlap": 0.4,
    "fk_mode": "integral",
    "canny_th1": 300,
    "canny_th2": 400,
    "edgeThreshold": 50
  },
  "num_images": 1000,
  "coco_full": {
    "AP_50_95": 0.15778476631257052,
    "AP_50": 0.29899631426566753,
    "AR": 0.25379288526434196,
    "AP_small": 0.22185376790854738,
    "AR_small": 0.28447822461676603
  },
  "coco_fk": {
    "AP_50_95": 0.15736215053078403,
    "AP_50": 0.2990496184736627,
    "AR": 0.2533218503937008,
    "AP_small": 0.22151654551114455,
    "AR_small": 0.2841639407350395
  },
  "AR@500_full": 0.25379288526434196,
  "AR@500_fk": 0.2533218503937008,
  "AR@0.5@500_full": 0.4359884701912261,
  "AR@0.5@500_fk": 0.4351799775028121,
  "time_full": {
    "mean": 5.931605068683624,
    "p50": 6.063197016716003,
    "p95": 6.9385815978050225
  },
  "time_fk": {
    "mean": 4.671038046360016,
    "p50": 4.62115478515625,
    "p95": 6.207354378700256
  },
  "tiles_full": {
    "mean": null,
    "p50": null,
    "p95": null
  },
  "tiles_fk_kept": {
    "mean": 77.754,
    "p50": 80.0,
    "p95": 98.0
  },
  "tiles_fk_total": {
    "mean": 100.0,
    "p50": 100.0,
    "p95": 100.0
  },
  "tiles_fk_pct_rejected": 0.22246,
  "tile_metrics_fk": {
    "empty_tiles_removed": 0.3271922457834698,
    "tiles_with_objects_wrongly_removed": 0.08274204089254038,
    "filter_purity": 0.8406455093050436,
    "objects_lost_due_to_filter": 0.0024606299212598425
  }
}