{
  "params": {
    "podzial": 6,
    "overlap": 0.4,
    "fk_mode": "integral",
    "canny_th1": 300,
    "canny_th2": 400,
    "edgeThreshold": 350
  },
  "num_images": 1000,
  "coco_full": {
    "AP_50_95": 0.15778476631257052,
    "AP_50": 0.29899631426566753,
    "AR": 0.25379288526434196,
    "AP_small": 0.22185376790854738,
    "AR_small": 0.28447822461676603
  },
  "coco_fk": {
    "AP_50_95": 0.15702988472580476,
    "AP_50": 0.29852360613679035,
    "AR": 0.25159940944881887,
    "AP_small": 0.2199188216092147,
    "AR_small": 0.2824065165800782
  },
  "AR@500_full": 0.25379288526434196,
  "AR@500_fk": 0.25159940944881887,
  "AR@0.5@500_full": 0.4359884701912261,
  "AR@0.5@500_fk": 0.4317702474690664,
  "time_full": {
    "mean": 5.931605068683624,
    "p50": 6.063197016716003,
    "p95": 6.9385815978050225
  },
  "time_fk": {
    "mean": 4.075958175182342,
    "p50": 4.043604731559753,
    "p95": 5.761889088153839
  },
  "tiles_full": {
    "mean": null,
    "p50": null,
    "p95": null
  },
  "tiles_fk_kept": {
    "mean": 66.965,
    "p50": 68.5,
    "p95": 94.0
  },
  "tiles_fk_total": {
    "mean": 100.0,
    "p50": 100.0,
    "p95": 100.0
  },
  "tiles_fk_pct_rejected": 0.33035,
  "tile_metrics_fk": {
    "empty_tiles_removed": 0.4452550913289943,
    "tiles_with_objects_wrongly_removed": 0.17706096536271124,
    "filter_purity": 0.7703647646435599,
    "objects_lost_due_to_filter": 0.009983127109111362
  }
}