{
  "params": {
    "podzial": 6,
    "overlap": 0.4,
    "fk_mode": "integral",
    "canny_th1": 300,
    "canny_th2": 400,
    "edgeThreshold": 150
  },
  "num_images": 1000,
  "coco_full": {
    "AP_50_95": 0.15778476631257052,
    "AP_50": 0.29899631426566753,
    "AR": 0.25379288526434196,
    "AP_small": 0.22185376790854738,
    "AR_small": 0.28447822461676603
  },
  "coco_fk": {
    "AP_50_95": 0.15730357439569326,
    "AP_50": 0.29899160789041435,
    "AR": 0.25276996625421816,
    "AP_small": 0.220526039109957,
    "AR_small": 0.2836059264960554
  },
  "AR@500_full": 0.25379288526434196,
  "AR@500_fk": 0.25276996625421816,
  "AR@0.5@500_full": 0.4359884701912261,
  "AR@0.5@500_fk": 0.4340551181102362,
  "time_full": {
    "mean": 5.931605068683624,
    "p50": 6.063197016716003,
    "p95": 6.9385815978050225
  },
  "time_fk": {
    "mean": 4.373130199193954,
    "p50": 4.33546257019043,
    "p95": 6.00501275062561
  },
  "tiles_full": {
    "mean": null,
    "p50": null,
    "p95": null
  },
  "tiles_fk_kept": {
    "mean": 73.072,
    "p50": 75.0,
    "p95": 97.0
  },
  "tiles_fk_total": {
    "mean": 100.0,
    "p50": 100.0,
    "p95": 100.0
  },
  "tiles_fk_pct_rejected": 0.26928,
  "tile_metrics_fk": {
    "empty_tiles_removed": 0.3806249562600602,
    "tiles_with_objects_wrongly_removed": 0.12074036037718233,
    "filter_purity": 0.8078951277480689,
    "objects_lost_due_to_filter": 0.00485095613048369
  }
}