{
  "params": {
    "podzial": 6,
    "overlap": 0.4,
    "fk_mode": "integral",
    "canny_th1": 300,
    "canny_th2": 400,
    "edgeThreshold": 200
  },
  "num_images": 1000,
  "coco_full": {
    "AP_50_95": 0.15778476631257052,
    "AP_50": 0.29899631426566753,
    "AR": 0.25379288526434196,
    "AP_small": 0.22185376790854738,
    "AR_small": 0.28447822461676603
  },
  "coco_fk": {
    "AP_50_95": 0.15724087246189883,
    "AP_50": 0.2988716637498949,
    "AR": 0.2524817210348706,
    "AP_small": 0.22065863561169266,
    "AR_small": 0.2833044705278686
  },
  "AR@500_full": 0.25379288526434196,
  "AR@500_fk": 0.2524817210348706,
  "AR@0.5@500_full": 0.4359884701912261,
  "AR@0.5@500_fk": 0.43342238470191224,
  "time_full": {
    "mean": 5.931605068683624,
    "p50": 6.063197016716003,
    "p95": 6.9385815978050225
  },
  "time_fk": {
    "mean": 4.302001557826996,
    "p50": 4.26753294467926,
    "p95": 5.894819831848143
  },
  "tiles_full": {
    "mean": null,
    "p50": null,
    "p95": null
  },
  "tiles_fk_kept": {
    "mean": 71.294,
    "p50": 73.0,
    "p95": 96.0
  },
  "tiles_fk_total": {
    "mean": 100.0,
    "p50": 100.0,
    "p95": 100.0
  },
  "tiles_fk_pct_rejected": 0.28706,
  "tile_metrics_fk": {
    "empty_tiles_removed": 0.400325425152215,
    "tiles_with_objects_wrongly_removed": 0.13595836056390626,
    "filter_purity": 0.7970807496690587,
    "objects_lost_due_to_filter": 0.006327334083239595
  }
}