{
  "params": {
    "podzial": 6,
    "overlap": 0.4,
    "fk_mode": "integral",
    "canny_th1": 300,
    "canny_th2": 400,
    "edgeThreshold": 250
  },
  "num_images": 1000,
  "coco_full": {
    "AP_50_95": 0.15778476631257052,
    "AP_50": 0.29899631426566753,
    "AR": 0.25379288526434196,
    "AP_small": 0.22185376790854738,
    "AR_small": 0.28447822461676603
  },
  "coco_fk": {
    "AP_50_95": 0.15716471498403137,
    "AP_50": 0.2987969794253384,
    "AR": 0.25221456692913385,
    "AP_small": 0.22034481133355802,
    "AR_small": 0.2830543262138413
  },
  "AR@500_full": 0.25379288526434196,
  "AR@500_fk": 0.25221456692913385,
  "AR@0.5@500_full": 0.4359884701912261,
  "AR@0.5@500_fk": 0.4329302587176603,
  "time_full": {
    "mean": 5.931605068683624,
    "p50": 6.063197016716003,
    "p95": 6.9385815978050225
  },
  "time_fk": {
    "mean": 4.249855252027512,
    "p50": 4.203853964805603,
    "p95": 5.919105505943296
  },
  "tiles_full": {
    "mean": null,
    "p50": null,
    "p95": null
  },
  "tiles_fk_kept": {
    "mean": 69.715,
    "p50": 72.0,
    "p95": 95.0
  },
  "tiles_fk_total": {
    "mean": 100.0,
    "p50": 100.0,
    "p95": 100.0
  },
  "tiles_fk_pct_rejected": 0.30285,
  "tile_metrics_fk": {
    "empty_tiles_removed": 0.41664917069074114,
    "tiles_with_objects_wrongly_removed": 0.1510363178041266,
    "filter_purity": 0.7863298662704309,
    "objects_lost_due_to_filter": 0.007522497187851519
  }
}