{
  "params": {
    "podzial": 6,
    "overlap": 0.4,
    "fk_mode": "integral",
    "canny_th1": 300,
    "canny_th2": 400,
    "edgeThreshold": 400
  },
  "num_images": 1000,
  "coco_full": {
    "AP_50_95": 0.15778476631257052,
    "AP_50": 0.29899631426566753,
    "AR": 0.25379288526434196,
    "AP_small": 0.22185376790854738,
    "AR_small": 0.28447822461676603
  },
  "coco_fk": {
    "AP_50_95": 0.15627872225046244,
    "AP_50": 0.29854435014700914,
    "AR": 0.25123031496062986,
    "AP_small": 0.21991932304685718,
    "AR_small": 0.281963953562953
  },
  "AR@500_full": 0.25379288526434196,
  "AR@500_fk": 0.25123031496062986,
  "AR@0.5@500_full": 0.4359884701912261,
  "AR@0.5@500_fk": 0.4311023622047244,
  "time_full": {
    "mean": 5.931605068683624,
    "p50": 6.063197016716003,
    "p95": 6.9385815978050225
  },
  "time_fk": {
    "mean": 4.016309740781784,
    "p50": 3.9847395420074463,
    "p95": 5.762612903118133
  },
  "tiles_full": {
    "mean": null,
    "p50": null,
    "p95": null
  },
  "tiles_fk_kept": {
    "mean": 65.626,
    "p50": 67.0,
    "p95": 93.0
  },
  "tiles_fk_total": {
    "mean": 100.0,
    "p50": 100.0,
    "p95": 100.0
  },
  "tiles_fk_pct_rejected": 0.34374,
  "tile_metrics_fk": {
    "empty_tiles_removed": 0.4588494646231367,
    "tiles_with_objects_wrongly_removed": 0.19017832135188123,
    "filter_purity": 0.76296037702915,
    "objects_lost_due_to_filter": 0.011459505061867267
  }
}